model,model_base,quant,runner_type,gpu_name,gpu_vram_gb,gpu_driver,backends,cpu_model,n_ctx,n_batch,concurrent_users,throughput_tok_s,avg_power_w,max_power_w,avg_gpu_temp_c,max_gpu_temp_c,avg_cpu_temp_c,max_cpu_temp_c,avg_fan_speed_rpm,max_fan_speed_rpm,avg_ttft_ms,p50_ttft_ms,p99_ttft_ms,avg_itl_ms,p50_itl_ms,p99_itl_ms,os_system,os_release,os_machine,cpu_cores,ram_total_gb,submitter,timestamp,submitted_at,schema_version,benchmark_version,suite_run_id,submission_id,row_id,machine_fingerprint,run_fingerprint,result_fingerprint,source_file_sha256
unsloth/Qwen3.5-9B-GGUF/Qwen3.5-9B-BF16.gguf,Qwen3.5-9B,BF16,llama-server,NVIDIA GB10,,580.126.09,CUDA,,2048,512,2,25.4,36.7,43.5,57.1,62.0,67.8,74.7,2,2,293.83,278.89,474.32,77.76,77.22,80.9,Linux,6.17.0-1008-nvidia,aarch64,20,119.6,Paul Lee,2026-03-23T02:44:37.820133+00:00,2026-03-23T11:45:53.190894+00:00,2,0.1.0,6f2c976815f34243a1b04d148a112a59,8df857f2a3684ace90c13580f3cf27d7,02f1586f762d4dd7b726ad866791f8e4,366a3782387869083a27b667096f7469f6cfacf82e94219a5c8e1ebc9da15cd5,b57a95eacf3234b49f273c6e5689bf451c0314ddedba102433b0ca04a0c9c744,d67167d12b181e72798bcf703067e181343cc95dab04d9d464664a9fdfb34d5c,a2bfb6accad8f249d63d0802c899598919a9fe8f13962a1ccecfaad271398588
unsloth/Qwen3.5-9B-GGUF/Qwen3.5-9B-BF16.gguf,Qwen3.5-9B,BF16,llama-server,NVIDIA GB10,,580.126.09,CUDA,,2048,512,4,40.49,41.0,48.4,65.3,70.0,76.4,78.7,2,2,480.65,500.17,732.73,93.62,91.47,139.25,Linux,6.17.0-1008-nvidia,aarch64,20,119.6,Paul Lee,2026-03-23T02:48:42.062974+00:00,2026-03-23T11:45:53.190894+00:00,2,0.1.0,6f2c976815f34243a1b04d148a112a59,8df857f2a3684ace90c13580f3cf27d7,030a784dae1648638408202242a69626,366a3782387869083a27b667096f7469f6cfacf82e94219a5c8e1ebc9da15cd5,316cf2deae631d88a2e3fde5b75515a4c7c3e9200aa219a7de33063f9979b566,f7e8263f278c3186917ac7329fa7046ff142f5db38297294e643232eddb452c3,a2bfb6accad8f249d63d0802c899598919a9fe8f13962a1ccecfaad271398588
unsloth/Qwen3.5-9B-GGUF/Qwen3.5-9B-BF16.gguf,Qwen3.5-9B,BF16,llama-server,NVIDIA GB10,,580.126.09,CUDA,,2048,512,8,57.95,42.8,45.1,67.9,70.0,77.9,79.8,2,2,465.13,474.84,631.05,130.77,125.77,293.76,Linux,6.17.0-1008-nvidia,aarch64,20,119.6,Paul Lee,2026-03-23T02:53:18.172271+00:00,2026-03-23T11:45:53.190894+00:00,2,0.1.0,6f2c976815f34243a1b04d148a112a59,8df857f2a3684ace90c13580f3cf27d7,a04696bacb004de8b09780e43d8b5b24,366a3782387869083a27b667096f7469f6cfacf82e94219a5c8e1ebc9da15cd5,fe9160a1fc96e28b082e521f17309d4520a05dfe82c30a5d6c8cdca9102753d4,23f306df9281ca52045d4e71f3130442d4cb9198df44a74c3c0e3f2a792cb5d9,a2bfb6accad8f249d63d0802c899598919a9fe8f13962a1ccecfaad271398588
unsloth/Qwen3.5-9B-GGUF/Qwen3.5-9B-BF16.gguf,Qwen3.5-9B,BF16,llama-server,NVIDIA GB10,,580.126.09,CUDA,,2048,512,16,64.81,43.5,49.1,66.1,69.0,76.5,80.6,2,2,674.0,662.36,1025.78,224.38,198.79,432.49,Linux,6.17.0-1008-nvidia,aarch64,20,119.6,Paul Lee,2026-03-23T03:01:08.856334+00:00,2026-03-23T11:45:53.190894+00:00,2,0.1.0,6f2c976815f34243a1b04d148a112a59,8df857f2a3684ace90c13580f3cf27d7,e6609a4ed9094c94890c1dc1455905a5,366a3782387869083a27b667096f7469f6cfacf82e94219a5c8e1ebc9da15cd5,3f57f343507750f3a8564c0c2fac0da68c65a515047b7aafb637cfa3143e5de7,1fdba5704e9db4b33c7e15225e1f3507f77e53c3e5399d879e0cabb2fa6d6729,a2bfb6accad8f249d63d0802c899598919a9fe8f13962a1ccecfaad271398588
unsloth/Qwen3.5-9B-GGUF/Qwen3.5-9B-BF16.gguf,Qwen3.5-9B,BF16,llama-server,NVIDIA GB10,,580.126.09,CUDA,,2048,512,32,81.24,45.5,50.8,66.7,70.0,74.4,80.2,2,2,937.18,923.17,1663.13,372.61,345.22,748.35,Linux,6.17.0-1008-nvidia,aarch64,20,119.6,Paul Lee,2026-03-23T03:14:02.628468+00:00,2026-03-23T11:45:53.190894+00:00,2,0.1.0,6f2c976815f34243a1b04d148a112a59,8df857f2a3684ace90c13580f3cf27d7,908bca56687f4485929846be3c75b562,366a3782387869083a27b667096f7469f6cfacf82e94219a5c8e1ebc9da15cd5,afb792a784517175c97330ae3055b2ae0d553a38de1d7772a5603b1ba2583a45,b97bc5cd7fc3e6b8016e1aa7f4488c325d1b5da1fb0bf459366ace78f58e39ed,a2bfb6accad8f249d63d0802c899598919a9fe8f13962a1ccecfaad271398588
unsloth/Qwen3.5-9B-GGUF/Qwen3.5-9B-BF16.gguf,Qwen3.5-9B,BF16,llama-server,NVIDIA GB10,,580.126.09,CUDA,,2048,1024,2,16.87,38.8,40.2,63.2,64.0,73.5,74.3,2,2,209.6,219.37,307.06,118.05,139.21,140.8,Linux,6.17.0-1008-nvidia,aarch64,20,119.6,Paul Lee,2026-03-23T03:17:48.941285+00:00,2026-03-23T11:45:53.190894+00:00,2,0.1.0,6f2c976815f34243a1b04d148a112a59,8df857f2a3684ace90c13580f3cf27d7,a3dbe6d0c42b4937ae2450056c8cc8d9,366a3782387869083a27b667096f7469f6cfacf82e94219a5c8e1ebc9da15cd5,208a909ced501a94ac77468d3fc886c4da61135a456e6f221e4125ff555c6dbe,fd4016e1ab5beabcb2249e767876ae2bcf43102fd7a0e23ddb0d3c86d3049181,a2bfb6accad8f249d63d0802c899598919a9fe8f13962a1ccecfaad271398588
unsloth/Qwen3.5-9B-GGUF/Qwen3.5-9B-BF16.gguf,Qwen3.5-9B,BF16,llama-server,NVIDIA GB10,,580.126.09,CUDA,,2048,1024,4,15.18,38.6,39.6,62.8,64.0,72.7,72.8,2,2,497.31,521.82,572.22,260.91,278.86,283.92,Linux,6.17.0-1008-nvidia,aarch64,20,119.6,Paul Lee,2026-03-23T03:26:18.754619+00:00,2026-03-23T11:45:53.190894+00:00,2,0.1.0,6f2c976815f34243a1b04d148a112a59,8df857f2a3684ace90c13580f3cf27d7,ec22ac47fabe4f18b327d35013045b73,366a3782387869083a27b667096f7469f6cfacf82e94219a5c8e1ebc9da15cd5,46813571b8c813ca522afc35e85557150389d6111c7a729c64983acf3cc3084d,f69d4acea36efc6cb360559cc83ded63b0da2e3dc410291674d5799da6c4dbaa,a2bfb6accad8f249d63d0802c899598919a9fe8f13962a1ccecfaad271398588
unsloth/Qwen3.5-9B-GGUF/Qwen3.5-9B-BF16.gguf,Qwen3.5-9B,BF16,llama-server,NVIDIA GB10,,580.126.09,CUDA,,2048,1024,8,17.77,38.4,42.8,62.2,64.0,72.7,72.8,2,2,875.82,922.56,1106.39,434.69,439.78,560.46,Linux,6.17.0-1008-nvidia,aarch64,20,119.6,Paul Lee,2026-03-23T03:40:51.071504+00:00,2026-03-23T11:45:53.190894+00:00,2,0.1.0,6f2c976815f34243a1b04d148a112a59,8df857f2a3684ace90c13580f3cf27d7,1aad8b82fdc44b148a88f582b09214d2,366a3782387869083a27b667096f7469f6cfacf82e94219a5c8e1ebc9da15cd5,86391c2c7a3d6fe3ad4a6f5fbb46691b6fcd76e8567ea37d93f4aabf66bafcb9,000593a4c195bccb52423eb5f312efc4c3cdc2a71d4523861ee0b0e785e09762,a2bfb6accad8f249d63d0802c899598919a9fe8f13962a1ccecfaad271398588
unsloth/Qwen3.5-9B-GGUF/Qwen3.5-9B-BF16.gguf,Qwen3.5-9B,BF16,llama-server,NVIDIA GB10,,580.126.09,CUDA,,2048,1024,16,25.9,39.7,44.5,65.0,69.0,75.7,79.9,2,2,1308.42,1267.82,1793.83,590.71,604.76,810.08,Linux,6.17.0-1008-nvidia,aarch64,20,119.6,Paul Lee,2026-03-23T04:00:25.952900+00:00,2026-03-23T11:45:53.190894+00:00,2,0.1.0,6f2c976815f34243a1b04d148a112a59,8df857f2a3684ace90c13580f3cf27d7,2e0bd800a4014bf48826456ef75fcc87,366a3782387869083a27b667096f7469f6cfacf82e94219a5c8e1ebc9da15cd5,b7a08b5afc32b61295a18c357e6726e4afbaf86bc1624a037e344dce2b240b40,90ae8bfb74281219577a97e3eb2ff8767e9b1d9788ff499a9c3a8a44b4304558,a2bfb6accad8f249d63d0802c899598919a9fe8f13962a1ccecfaad271398588
unsloth/Qwen3.5-9B-GGUF/Qwen3.5-9B-BF16.gguf,Qwen3.5-9B,BF16,llama-server,NVIDIA GB10,,580.126.09,CUDA,,2048,1024,32,82.21,46.2,55.0,67.3,71.0,74.9,81.4,2,2,1167.98,1043.61,2518.68,368.65,344.79,800.37,Linux,6.17.0-1008-nvidia,aarch64,20,119.6,Paul Lee,2026-03-23T04:13:08.835303+00:00,2026-03-23T11:45:53.190894+00:00,2,0.1.0,6f2c976815f34243a1b04d148a112a59,8df857f2a3684ace90c13580f3cf27d7,2145f8657fa84803aa3d1c38cb203f10,366a3782387869083a27b667096f7469f6cfacf82e94219a5c8e1ebc9da15cd5,78fc3d97afd2dfa1d532cddcb9bd1990116407dbd67fe8b7f213ecf37a4785e4,3368f724b4a6afe545701f978186ec6ed83c93886d415252ecf413e3a2a6bd0c,a2bfb6accad8f249d63d0802c899598919a9fe8f13962a1ccecfaad271398588
unsloth/Qwen3.5-9B-GGUF/Qwen3.5-9B-BF16.gguf,Qwen3.5-9B,BF16,llama-server,NVIDIA GB10,,580.126.09,CUDA,,8192,512,2,25.73,38.0,46.9,65.0,70.0,75.7,77.9,2,2,207.9,152.77,474.59,77.21,77.07,79.52,Linux,6.17.0-1008-nvidia,aarch64,20,119.6,Paul Lee,2026-03-23T04:16:38.154768+00:00,2026-03-23T11:45:53.190894+00:00,2,0.1.0,6f2c976815f34243a1b04d148a112a59,8df857f2a3684ace90c13580f3cf27d7,76e052f24f934b6bafbe9834f0ebdc34,366a3782387869083a27b667096f7469f6cfacf82e94219a5c8e1ebc9da15cd5,1bf17a9172decb6d62699e79cd4c4bd46ee92b5789b95df04bc684c2d93c39a6,953d1aca68d751eb18e88e553bf02ed0e744d08ce335fa9d03d945a201390092,a2bfb6accad8f249d63d0802c899598919a9fe8f13962a1ccecfaad271398588
unsloth/Qwen3.5-9B-GGUF/Qwen3.5-9B-BF16.gguf,Qwen3.5-9B,BF16,llama-server,NVIDIA GB10,,580.126.09,CUDA,,8192,512,4,41.87,41.9,45.9,68.3,71.0,78.2,79.6,2,2,362.67,398.45,528.06,93.62,91.76,188.41,Linux,6.17.0-1008-nvidia,aarch64,20,119.6,Paul Lee,2026-03-23T04:20:32.400384+00:00,2026-03-23T11:45:53.190894+00:00,2,0.1.0,6f2c976815f34243a1b04d148a112a59,8df857f2a3684ace90c13580f3cf27d7,37dcb8dadd3d4118bb287174f30a780c,366a3782387869083a27b667096f7469f6cfacf82e94219a5c8e1ebc9da15cd5,3d6e50e2f63a7830ff31f824e26221e62d5926365d7d2bd0df019dadea1f6fcc,6336f7141032cd19dd7e98beb1b0f5de09dd95cfbfd36f0bfa986f55c5d53f5e,a2bfb6accad8f249d63d0802c899598919a9fe8f13962a1ccecfaad271398588
unsloth/Qwen3.5-9B-GGUF/Qwen3.5-9B-BF16.gguf,Qwen3.5-9B,BF16,llama-server,NVIDIA GB10,,580.126.09,CUDA,,8192,512,8,58.58,43.1,47.4,67.4,70.0,77.2,79.8,2,2,460.96,476.06,609.43,131.5,125.71,295.26,Linux,6.17.0-1008-nvidia,aarch64,20,119.6,Paul Lee,2026-03-23T04:26:18.807607+00:00,2026-03-23T11:45:53.190894+00:00,2,0.1.0,6f2c976815f34243a1b04d148a112a59,8df857f2a3684ace90c13580f3cf27d7,7a6762c7de8a4dbab4363a95b44eec99,366a3782387869083a27b667096f7469f6cfacf82e94219a5c8e1ebc9da15cd5,784e122343f2a854b02f40c8148f479bd8f9eb8b046fd88021a4c90e1847f942,fe86cea47b87e59a8accfa4f9b7423c28f11451cd5fb1d6b963ab16cfef32ee7,a2bfb6accad8f249d63d0802c899598919a9fe8f13962a1ccecfaad271398588
unsloth/Qwen3.5-9B-GGUF/Qwen3.5-9B-BF16.gguf,Qwen3.5-9B,BF16,llama-server,NVIDIA GB10,,580.126.09,CUDA,,8192,512,16,63.37,43.8,52.7,66.2,69.0,76.6,80.7,2,2,767.0,749.26,1377.14,225.14,197.39,518.56,Linux,6.17.0-1008-nvidia,aarch64,20,119.6,Paul Lee,2026-03-23T04:36:07.403054+00:00,2026-03-23T11:45:53.190894+00:00,2,0.1.0,6f2c976815f34243a1b04d148a112a59,8df857f2a3684ace90c13580f3cf27d7,dfc1c4f1e013462187a522a31f876e19,366a3782387869083a27b667096f7469f6cfacf82e94219a5c8e1ebc9da15cd5,16037f5d5f8b7dfa7a1904aeb295b06ad41e951bdfa178620cc6a4cdb44f0186,7f7982ea23f4bd00b7f6f68a1d1ae1f398c8c210477e9a0d9dbf5a03f1b6da8b,a2bfb6accad8f249d63d0802c899598919a9fe8f13962a1ccecfaad271398588
unsloth/Qwen3.5-9B-GGUF/Qwen3.5-9B-BF16.gguf,Qwen3.5-9B,BF16,llama-server,NVIDIA GB10,,580.126.09,CUDA,,8192,512,32,80.32,45.5,55.1,66.8,71.0,74.7,80.8,2,2,932.76,833.45,1632.14,376.29,344.62,707.58,Linux,6.17.0-1008-nvidia,aarch64,20,119.6,Paul Lee,2026-03-23T04:49:05.525167+00:00,2026-03-23T11:45:53.190894+00:00,2,0.1.0,6f2c976815f34243a1b04d148a112a59,8df857f2a3684ace90c13580f3cf27d7,b0772d10e86645968e9567a253dfb650,366a3782387869083a27b667096f7469f6cfacf82e94219a5c8e1ebc9da15cd5,718d38abc93492fce91df677778980953fe37b84f72e2ea05d6343ebc10c4a4d,b7c929437f37e291b53ecc531d0e8c6b3ce65e981b8e61a314f1f9cd03315dd9,a2bfb6accad8f249d63d0802c899598919a9fe8f13962a1ccecfaad271398588
unsloth/Qwen3.5-9B-GGUF/Qwen3.5-9B-BF16.gguf,Qwen3.5-9B,BF16,llama-server,NVIDIA GB10,,580.126.09,CUDA,,8192,1024,2,14.27,38.6,39.8,63.0,64.0,73.4,74.1,2,2,250.59,247.22,278.5,139.34,140.01,141.52,Linux,6.17.0-1008-nvidia,aarch64,20,119.6,Paul Lee,2026-03-23T04:53:39.927912+00:00,2026-03-23T11:45:53.190894+00:00,2,0.1.0,6f2c976815f34243a1b04d148a112a59,8df857f2a3684ace90c13580f3cf27d7,81605afab5444341bd99f62bd81cd482,366a3782387869083a27b667096f7469f6cfacf82e94219a5c8e1ebc9da15cd5,c6c3b3343d0981c10f2b7741b49d13a767996b7b265f3f87d5e5397a5a92dfac,8db6effc6af84e4e98fe8311a4c10dd4c0cbd7a51f0c03c471f4b5ca621a8800,a2bfb6accad8f249d63d0802c899598919a9fe8f13962a1ccecfaad271398588
unsloth/Qwen3.5-9B-GGUF/Qwen3.5-9B-BF16.gguf,Qwen3.5-9B,BF16,llama-server,NVIDIA GB10,,580.126.09,CUDA,,8192,1024,4,15.24,38.6,40.1,62.9,63.0,74.2,74.7,2,2,491.93,507.15,589.68,258.24,279.01,282.3,Linux,6.17.0-1008-nvidia,aarch64,20,119.6,Paul Lee,2026-03-23T05:02:15.660792+00:00,2026-03-23T11:45:53.190894+00:00,2,0.1.0,6f2c976815f34243a1b04d148a112a59,8df857f2a3684ace90c13580f3cf27d7,70fe215b8fca41f2b5a15cce4fda84ba,366a3782387869083a27b667096f7469f6cfacf82e94219a5c8e1ebc9da15cd5,a97e84300dfcd76ba9873812223b696e7493705beb5924df05add17b63569957,fae40fb160a5219e7ecf142052220686e959eff48cb65544470bd4f73ba661ad,a2bfb6accad8f249d63d0802c899598919a9fe8f13962a1ccecfaad271398588
unsloth/Qwen3.5-9B-GGUF/Qwen3.5-9B-BF16.gguf,Qwen3.5-9B,BF16,llama-server,NVIDIA GB10,,580.126.09,CUDA,,8192,1024,8,16.8,38.9,42.7,63.8,67.0,75.8,80.0,2,2,891.01,851.33,1141.0,470.43,442.26,560.72,Linux,6.17.0-1008-nvidia,aarch64,20,119.6,Paul Lee,2026-03-23T05:17:57.554310+00:00,2026-03-23T11:45:53.190894+00:00,2,0.1.0,6f2c976815f34243a1b04d148a112a59,8df857f2a3684ace90c13580f3cf27d7,e4eec4fa2beb4df4860de5586a46f771,366a3782387869083a27b667096f7469f6cfacf82e94219a5c8e1ebc9da15cd5,fbb5bb9e7cc035186dc2a3af62f9b71b145d80d0facd9d53d9b5c1770812a5a4,f96e76d892b8fedf9d3cda26c2d42b97355a2a5a9f6402a9ee159f3b2454382e,a2bfb6accad8f249d63d0802c899598919a9fe8f13962a1ccecfaad271398588
unsloth/Qwen3.5-9B-GGUF/Qwen3.5-9B-BF16.gguf,Qwen3.5-9B,BF16,llama-server,NVIDIA GB10,,580.126.09,CUDA,,8192,1024,16,22.34,39.5,46.3,66.1,70.0,76.7,80.9,2,2,1323.54,1357.88,1935.82,679.17,694.06,822.72,Linux,6.17.0-1008-nvidia,aarch64,20,119.6,Paul Lee,2026-03-23T05:39:59.654045+00:00,2026-03-23T11:45:53.190894+00:00,2,0.1.0,6f2c976815f34243a1b04d148a112a59,8df857f2a3684ace90c13580f3cf27d7,ec0cea6d03594cf5ba5a65edce1972b1,366a3782387869083a27b667096f7469f6cfacf82e94219a5c8e1ebc9da15cd5,9a37248958a7e2077520b27261456e319d8dc96ec57aec896b3f3b483d629ec6,75869d03b72094ec5302a9dad00852a03cd2322204f329ef09176830cd92d250,a2bfb6accad8f249d63d0802c899598919a9fe8f13962a1ccecfaad271398588
unsloth/Qwen3.5-9B-GGUF/Qwen3.5-9B-BF16.gguf,Qwen3.5-9B,BF16,llama-server,NVIDIA GB10,,580.126.09,CUDA,,8192,1024,32,81.64,46.2,56.4,67.3,70.0,75.2,80.6,2,2,1167.04,989.65,2315.43,370.38,344.1,755.49,Linux,6.17.0-1008-nvidia,aarch64,20,119.6,Paul Lee,2026-03-23T05:52:44.293338+00:00,2026-03-23T11:45:53.190894+00:00,2,0.1.0,6f2c976815f34243a1b04d148a112a59,8df857f2a3684ace90c13580f3cf27d7,3e4d9686ec204903b4268cd4953911e2,366a3782387869083a27b667096f7469f6cfacf82e94219a5c8e1ebc9da15cd5,d7acd2596e67760fc2a06bd6836f1338482003b19e42da9b5f19a606f8ccd86d,b485971c64fd445cef05afbc32e3c25d3e66b7c115bef01bda7eb9db6bac8a00,a2bfb6accad8f249d63d0802c899598919a9fe8f13962a1ccecfaad271398588
unsloth/Qwen3.5-9B-GGUF/Qwen3.5-9B-BF16.gguf,Qwen3.5-9B,BF16,llama-server,NVIDIA GB10,,580.126.09,CUDA,,32768,512,2,25.03,38.0,46.8,65.4,71.0,75.8,77.9,2,2,231.7,240.71,415.78,77.15,77.21,80.58,Linux,6.17.0-1008-nvidia,aarch64,20,119.6,Paul Lee,2026-03-23T05:56:04.364207+00:00,2026-03-23T11:45:53.190894+00:00,2,0.1.0,6f2c976815f34243a1b04d148a112a59,8df857f2a3684ace90c13580f3cf27d7,0760d0af380947d381120dfa830e66a0,366a3782387869083a27b667096f7469f6cfacf82e94219a5c8e1ebc9da15cd5,954ba07cf3a310e99d69a62b145a249b2994d0bba9b0154d3ccd1e09c84c6658,4dd8c60b1118fd578550587860802214625206d3f45f6c736114c5471227b114,a2bfb6accad8f249d63d0802c899598919a9fe8f13962a1ccecfaad271398588
unsloth/Qwen3.5-9B-GGUF/Qwen3.5-9B-BF16.gguf,Qwen3.5-9B,BF16,llama-server,NVIDIA GB10,,580.126.09,CUDA,,32768,512,4,41.52,41.9,46.3,68.1,70.0,78.6,79.8,2,2,361.85,345.56,531.6,94.05,91.96,187.51,Linux,6.17.0-1008-nvidia,aarch64,20,119.6,Paul Lee,2026-03-23T06:00:01.608686+00:00,2026-03-23T11:45:53.190894+00:00,2,0.1.0,6f2c976815f34243a1b04d148a112a59,8df857f2a3684ace90c13580f3cf27d7,2f5b35ea4550410d84b323c589452a65,366a3782387869083a27b667096f7469f6cfacf82e94219a5c8e1ebc9da15cd5,7b68efef72d2a2b66d3f7955c77d3371213095d108c811bb68858703b41e50a3,8f336ea95f6775fa71f178b56a82355a0a94417ebd4887f0b303cb182b6321b1,a2bfb6accad8f249d63d0802c899598919a9fe8f13962a1ccecfaad271398588
unsloth/Qwen3.5-9B-GGUF/Qwen3.5-9B-BF16.gguf,Qwen3.5-9B,BF16,llama-server,NVIDIA GB10,,580.126.09,CUDA,,32768,512,8,54.77,42.6,53.1,66.9,70.0,76.7,79.8,2,2,644.38,613.92,1252.9,134.68,126.6,289.6,Linux,6.17.0-1008-nvidia,aarch64,20,119.6,Paul Lee,2026-03-23T06:06:09.543078+00:00,2026-03-23T11:45:53.190894+00:00,2,0.1.0,6f2c976815f34243a1b04d148a112a59,8df857f2a3684ace90c13580f3cf27d7,9d46d33ddc724ec38418e45a70c4474c,366a3782387869083a27b667096f7469f6cfacf82e94219a5c8e1ebc9da15cd5,e6bdcba8355831f536e2e778daba7059454a515879caf9d41715b6e2387e4cb8,75d816c5a21c32a2ffd8c31cec67efd61332760104dc28fb9e077207cf2dadab,a2bfb6accad8f249d63d0802c899598919a9fe8f13962a1ccecfaad271398588
unsloth/Qwen3.5-9B-GGUF/Qwen3.5-9B-BF16.gguf,Qwen3.5-9B,BF16,llama-server,NVIDIA GB10,,580.126.09,CUDA,,32768,512,16,65.47,44.3,54.6,67.1,70.0,77.2,81.5,2,2,727.33,683.58,1389.41,218.35,196.91,473.06,Linux,6.17.0-1008-nvidia,aarch64,20,119.6,Paul Lee,2026-03-23T06:15:49.009691+00:00,2026-03-23T11:45:53.190894+00:00,2,0.1.0,6f2c976815f34243a1b04d148a112a59,8df857f2a3684ace90c13580f3cf27d7,0c4b314b517f48589cd677f8d27df5ff,366a3782387869083a27b667096f7469f6cfacf82e94219a5c8e1ebc9da15cd5,f1a405440d7037e7af685b106c143f3784c9b133324199cc547b37fa0c049aa9,9cde9acc48f063f986335dc321008a87eddb46525c2fb25ad49f832a18100f19,a2bfb6accad8f249d63d0802c899598919a9fe8f13962a1ccecfaad271398588
unsloth/Qwen3.5-9B-GGUF/Qwen3.5-9B-BF16.gguf,Qwen3.5-9B,BF16,llama-server,NVIDIA GB10,,580.126.09,CUDA,,32768,512,32,80.43,45.9,58.2,67.7,71.0,75.6,82.8,2,2,995.34,915.72,1870.94,374.14,347.16,837.42,Linux,6.17.0-1008-nvidia,aarch64,20,119.6,Paul Lee,2026-03-23T06:32:11.607984+00:00,2026-03-23T11:45:53.190894+00:00,2,0.1.0,6f2c976815f34243a1b04d148a112a59,8df857f2a3684ace90c13580f3cf27d7,963f81045a1f4885a1b3d7165e707cfa,366a3782387869083a27b667096f7469f6cfacf82e94219a5c8e1ebc9da15cd5,5b29c805879fb9128f6c6deeeadb5add950c30ad03ea7c530a63b40d4fcaf388,1ffd9734e0bb01c227962878cf7a57f7de2778f0c1a16272cb7ae18092d2704c,a2bfb6accad8f249d63d0802c899598919a9fe8f13962a1ccecfaad271398588
unsloth/Qwen3.5-9B-GGUF/Qwen3.5-9B-BF16.gguf,Qwen3.5-9B,BF16,llama-server,NVIDIA GB10,,580.126.09,CUDA,,32768,1024,2,14.82,39.1,42.9,64.1,66.0,74.7,74.9,2,2,261.67,246.54,366.47,132.88,139.87,141.43,Linux,6.17.0-1008-nvidia,aarch64,20,119.6,Paul Lee,2026-03-23T06:37:49.827619+00:00,2026-03-23T11:45:53.190894+00:00,2,0.1.0,6f2c976815f34243a1b04d148a112a59,8df857f2a3684ace90c13580f3cf27d7,01dbe669b2dd44d59d74e1239e0670df,366a3782387869083a27b667096f7469f6cfacf82e94219a5c8e1ebc9da15cd5,1cf60292bbcc367efad7e0b721fe7cf5169e68706ebc6bf9c0e042670d1d2533,2efc6bcbbb1d93dff464c5f93a8638c44bb285f22ec558f0fa91c42f0f30422f,a2bfb6accad8f249d63d0802c899598919a9fe8f13962a1ccecfaad271398588
unsloth/Qwen3.5-9B-GGUF/Qwen3.5-9B-BF16.gguf,Qwen3.5-9B,BF16,llama-server,NVIDIA GB10,,580.126.09,CUDA,,32768,1024,4,14.57,39.0,43.1,64.0,67.0,74.7,74.8,2,2,524.16,531.05,645.37,270.55,279.65,284.36,Linux,6.17.0-1008-nvidia,aarch64,20,119.6,Paul Lee,2026-03-23T06:48:54.938419+00:00,2026-03-23T11:45:53.190894+00:00,2,0.1.0,6f2c976815f34243a1b04d148a112a59,8df857f2a3684ace90c13580f3cf27d7,e563ca17b31947a1b2665ddbc7c36bb9,366a3782387869083a27b667096f7469f6cfacf82e94219a5c8e1ebc9da15cd5,af62d47734cbe706843592c3b1a3ff36781259b956130ce412991524fad58906,bf89fcd22f81e5f130aa71c1d19a21cfa8ea6c5ac0a38163b1719334cef7b9f9,a2bfb6accad8f249d63d0802c899598919a9fe8f13962a1ccecfaad271398588
unsloth/Qwen3.5-9B-GGUF/Qwen3.5-9B-BF16.gguf,Qwen3.5-9B,BF16,llama-server,NVIDIA GB10,,580.126.09,CUDA,,32768,1024,8,18.43,39.3,47.4,65.9,70.0,76.7,79.8,2,2,919.4,933.42,1155.81,420.23,439.23,559.24,Linux,6.17.0-1008-nvidia,aarch64,20,119.6,Paul Lee,2026-03-23T07:05:55.191354+00:00,2026-03-23T11:45:53.190894+00:00,2,0.1.0,6f2c976815f34243a1b04d148a112a59,8df857f2a3684ace90c13580f3cf27d7,694e603a59614cb0bb2b9425e9b66124,366a3782387869083a27b667096f7469f6cfacf82e94219a5c8e1ebc9da15cd5,3e0a096d65ad700d260ebdc91a8da2946d1e0832fadab4c84fb439749d7b3d09,be92946f156bc3a86d3c4def63a5ecd12a9487d257a47c8ec49069862474afca,a2bfb6accad8f249d63d0802c899598919a9fe8f13962a1ccecfaad271398588
unsloth/Qwen3.5-9B-GGUF/Qwen3.5-9B-BF16.gguf,Qwen3.5-9B,BF16,llama-server,NVIDIA GB10,,580.126.09,CUDA,,32768,1024,16,23.36,39.5,47.5,65.0,69.0,76.1,79.8,2,2,1292.49,1321.37,2055.39,649.05,632.08,822.39,Linux,6.17.0-1008-nvidia,aarch64,20,119.6,Paul Lee,2026-03-23T07:32:07.822874+00:00,2026-03-23T11:45:53.190894+00:00,2,0.1.0,6f2c976815f34243a1b04d148a112a59,8df857f2a3684ace90c13580f3cf27d7,34eecd5a54c34bfc9eccce29736ca161,366a3782387869083a27b667096f7469f6cfacf82e94219a5c8e1ebc9da15cd5,b3eda0e07c11cde4f8939e263f5ed8addae90f17f64b45b75cbfe9d37c99f631,89bfdec81ed9bfe52307afa578283617e03de8de7d836d44320545d1f478cb19,a2bfb6accad8f249d63d0802c899598919a9fe8f13962a1ccecfaad271398588
unsloth/Qwen3.5-9B-GGUF/Qwen3.5-9B-BF16.gguf,Qwen3.5-9B,BF16,llama-server,NVIDIA GB10,,580.126.09,CUDA,,32768,1024,32,81.43,46.3,60.2,67.7,71.0,75.5,80.1,2,2,1108.44,1034.75,2258.16,371.99,346.5,830.39,Linux,6.17.0-1008-nvidia,aarch64,20,119.6,Paul Lee,2026-03-23T07:48:05.403324+00:00,2026-03-23T11:45:53.190894+00:00,2,0.1.0,6f2c976815f34243a1b04d148a112a59,8df857f2a3684ace90c13580f3cf27d7,98b61973f9d24e1495f23f13fac6c7ce,366a3782387869083a27b667096f7469f6cfacf82e94219a5c8e1ebc9da15cd5,d21e3422c656e04dc74af46cb7b98b6273ef0e2fcd713f1ec8090c3c005ecd48,52ffd55549d82f3af5379b73ac24b66b62891ff977a1459e3b1f004b9fbca4c4,a2bfb6accad8f249d63d0802c899598919a9fe8f13962a1ccecfaad271398588
unsloth/Qwen3.5-9B-GGUF/Qwen3.5-9B-BF16.gguf,Qwen3.5-9B,BF16,llama-server,NVIDIA GB10,,580.126.09,CUDA,,65536,512,2,25.42,38.0,44.9,65.7,68.0,75.7,77.9,2,2,275.26,255.86,478.6,77.68,77.14,81.36,Linux,6.17.0-1008-nvidia,aarch64,20,119.6,Paul Lee,2026-03-23T07:51:27.673957+00:00,2026-03-23T11:45:53.190894+00:00,2,0.1.0,6f2c976815f34243a1b04d148a112a59,8df857f2a3684ace90c13580f3cf27d7,2d5100b6c1694e49aaf4f1d50273f6d3,366a3782387869083a27b667096f7469f6cfacf82e94219a5c8e1ebc9da15cd5,15b3ced71df5401db9d0a6999f1e989fab0c7b174818474b0ecbcbbe98c497b9,e11e61a0b0a5372fc5def4dbe76f8b815055dcb720fabcf7657ed95400d94cda,a2bfb6accad8f249d63d0802c899598919a9fe8f13962a1ccecfaad271398588
unsloth/Qwen3.5-9B-GGUF/Qwen3.5-9B-BF16.gguf,Qwen3.5-9B,BF16,llama-server,NVIDIA GB10,,580.126.09,CUDA,,65536,512,4,40.32,41.7,46.8,68.2,72.0,78.3,79.8,2,2,356.32,376.75,529.99,95.55,92.2,153.97,Linux,6.17.0-1008-nvidia,aarch64,20,119.6,Paul Lee,2026-03-23T07:55:32.432134+00:00,2026-03-23T11:45:53.190894+00:00,2,0.1.0,6f2c976815f34243a1b04d148a112a59,8df857f2a3684ace90c13580f3cf27d7,cd2716c67f71441c9ed558b5100bd1b7,366a3782387869083a27b667096f7469f6cfacf82e94219a5c8e1ebc9da15cd5,d3921924b60bdea2b72c1e02f4ded0e7de8ea62c23a7df283a6ba94f7c44509e,8f019bbe05d28aff30e35f46d3c5fcd85471cd87ae7ae039a9106a416203acab,a2bfb6accad8f249d63d0802c899598919a9fe8f13962a1ccecfaad271398588
unsloth/Qwen3.5-9B-GGUF/Qwen3.5-9B-BF16.gguf,Qwen3.5-9B,BF16,llama-server,NVIDIA GB10,,580.126.09,CUDA,,65536,512,8,58.33,43.0,50.3,66.9,70.0,78.8,80.7,2,2,494.99,478.78,789.08,132.81,125.54,297.03,Linux,6.17.0-1008-nvidia,aarch64,20,119.6,Paul Lee,2026-03-23T08:01:11.979936+00:00,2026-03-23T11:45:53.190894+00:00,2,0.1.0,6f2c976815f34243a1b04d148a112a59,8df857f2a3684ace90c13580f3cf27d7,2da6f8e16ad24cc3aa3e0a48d51b9b9e,366a3782387869083a27b667096f7469f6cfacf82e94219a5c8e1ebc9da15cd5,2856e82c00c85870278730809827bd9e4f5f20da790544759be685fb5a4f9f76,e2ff9ce7c941dee1ab74d66c9fe2ccc6bd5db47712bcd5d0b989ffef9a687bdb,a2bfb6accad8f249d63d0802c899598919a9fe8f13962a1ccecfaad271398588
unsloth/Qwen3.5-9B-GGUF/Qwen3.5-9B-BF16.gguf,Qwen3.5-9B,BF16,llama-server,NVIDIA GB10,,580.126.09,CUDA,,65536,512,16,64.71,44.4,51.7,67.6,71.0,77.7,81.6,2,2,695.07,695.23,1066.65,219.38,197.8,477.63,Linux,6.17.0-1008-nvidia,aarch64,20,119.6,Paul Lee,2026-03-23T08:10:58.084401+00:00,2026-03-23T11:45:53.190894+00:00,2,0.1.0,6f2c976815f34243a1b04d148a112a59,8df857f2a3684ace90c13580f3cf27d7,2d56a722fa6648929d5438279714eb73,366a3782387869083a27b667096f7469f6cfacf82e94219a5c8e1ebc9da15cd5,f41aecc53f853b24640c6bf411848bfd39e8c6dfe6635b13a5fb5c4210658e8c,700b1ffb84eefe2858eba3d4cafa736df3418b113d02a28c81299e6291475c05,a2bfb6accad8f249d63d0802c899598919a9fe8f13962a1ccecfaad271398588
unsloth/Qwen3.5-9B-GGUF/Qwen3.5-9B-BF16.gguf,Qwen3.5-9B,BF16,llama-server,NVIDIA GB10,,580.126.09,CUDA,,65536,512,32,82.65,46.1,59.2,67.8,72.0,75.6,81.6,2,2,959.62,913.27,1997.94,369.07,347.2,760.01,Linux,6.17.0-1008-nvidia,aarch64,20,119.6,Paul Lee,2026-03-23T08:26:56.642980+00:00,2026-03-23T11:45:53.190894+00:00,2,0.1.0,6f2c976815f34243a1b04d148a112a59,8df857f2a3684ace90c13580f3cf27d7,d98fdcddf665474382212905d5fe470d,366a3782387869083a27b667096f7469f6cfacf82e94219a5c8e1ebc9da15cd5,52fd34d391dbe3a0e9a6ffb775383c833037dd842beb23d13660115c9066c00b,f2c7031bf4d1d34366e08bdb9c0994cd58b084698d404cf5910f8979c22da2f5,a2bfb6accad8f249d63d0802c899598919a9fe8f13962a1ccecfaad271398588
unsloth/Qwen3.5-9B-GGUF/Qwen3.5-9B-BF16.gguf,Qwen3.5-9B,BF16,llama-server,NVIDIA GB10,,580.126.09,CUDA,,65536,1024,2,15.33,39.0,42.3,64.2,66.0,74.1,75.8,2,2,253.59,248.09,363.37,127.18,139.82,141.38,Linux,6.17.0-1008-nvidia,aarch64,20,119.6,Paul Lee,2026-03-23T08:32:17.820233+00:00,2026-03-23T11:45:53.190894+00:00,2,0.1.0,6f2c976815f34243a1b04d148a112a59,8df857f2a3684ace90c13580f3cf27d7,bbffdd3d6a814d53897f6e1ec1b24846,366a3782387869083a27b667096f7469f6cfacf82e94219a5c8e1ebc9da15cd5,f30ed9aacdef4c2e4d3a2f4e0bf8be6587db343264783cc922df570f0646a26e,5912396783a23d95ece99e3baf1ebea118c180b69b900c2aec257795c76d31e2,a2bfb6accad8f249d63d0802c899598919a9fe8f13962a1ccecfaad271398588
unsloth/Qwen3.5-9B-GGUF/Qwen3.5-9B-BF16.gguf,Qwen3.5-9B,BF16,llama-server,NVIDIA GB10,,580.126.09,CUDA,,65536,1024,4,15.39,38.8,42.8,63.2,65.0,72.9,73.7,2,2,509.42,528.49,647.1,254.84,279.34,283.29,Linux,6.17.0-1008-nvidia,aarch64,20,119.6,Paul Lee,2026-03-23T08:42:57.591983+00:00,2026-03-23T11:45:53.190894+00:00,2,0.1.0,6f2c976815f34243a1b04d148a112a59,8df857f2a3684ace90c13580f3cf27d7,07c3a275fad64301a6693ced0071205c,366a3782387869083a27b667096f7469f6cfacf82e94219a5c8e1ebc9da15cd5,772146afe325cee3ac7e98d096ac6b546b244430fd063ed71d839de9d5415683,269e0c9361dad4b36dfb05213c4e676c33c6aa02d30c0fc74f5d08487193f024,a2bfb6accad8f249d63d0802c899598919a9fe8f13962a1ccecfaad271398588
unsloth/Qwen3.5-9B-GGUF/Qwen3.5-9B-BF16.gguf,Qwen3.5-9B,BF16,llama-server,NVIDIA GB10,,580.126.09,CUDA,,65536,1024,8,17.81,39.5,47.8,66.0,69.0,76.7,80.3,2,2,903.62,858.59,1201.87,443.57,440.39,560.2,Linux,6.17.0-1008-nvidia,aarch64,20,119.6,Paul Lee,2026-03-23T09:01:20.404996+00:00,2026-03-23T11:45:53.190894+00:00,2,0.1.0,6f2c976815f34243a1b04d148a112a59,8df857f2a3684ace90c13580f3cf27d7,f37f19a31c4b4dc4b08746301112bc36,366a3782387869083a27b667096f7469f6cfacf82e94219a5c8e1ebc9da15cd5,7de670b01b8e485f6595185e80dea9f8c3a14ff132bb30c9c763d58057ae037d,0ca08e119faf3421cf21f6a63ae71a7735725aae966f5ef427033f559bce7345,a2bfb6accad8f249d63d0802c899598919a9fe8f13962a1ccecfaad271398588
unsloth/Qwen3.5-9B-GGUF/Qwen3.5-9B-BF16.gguf,Qwen3.5-9B,BF16,llama-server,NVIDIA GB10,,580.126.09,CUDA,,65536,1024,16,24.95,39.8,49.4,66.1,72.0,76.8,79.9,2,2,1207.32,1249.6,1893.82,602.63,630.48,819.94,Linux,6.17.0-1008-nvidia,aarch64,20,119.6,Paul Lee,2026-03-23T09:25:39.950414+00:00,2026-03-23T11:45:53.190894+00:00,2,0.1.0,6f2c976815f34243a1b04d148a112a59,8df857f2a3684ace90c13580f3cf27d7,06edb31728bc4390ba5ac545c5891fbe,366a3782387869083a27b667096f7469f6cfacf82e94219a5c8e1ebc9da15cd5,a57c9373a5905593436dc8861fa0977b1ad876ffcb7f468e7624f749ce911d01,39735a078d71bd29835ce805c9893c13b88109fed7f1e48caf738b6b1518c944,a2bfb6accad8f249d63d0802c899598919a9fe8f13962a1ccecfaad271398588
unsloth/Qwen3.5-9B-GGUF/Qwen3.5-9B-BF16.gguf,Qwen3.5-9B,BF16,llama-server,NVIDIA GB10,,580.126.09,CUDA,,65536,1024,32,81.32,46.1,58.6,67.5,70.0,75.1,80.3,2,2,1113.92,925.9,2629.92,371.46,347.85,834.64,Linux,6.17.0-1008-nvidia,aarch64,20,119.6,Paul Lee,2026-03-23T09:41:42.025090+00:00,2026-03-23T11:45:53.190894+00:00,2,0.1.0,6f2c976815f34243a1b04d148a112a59,8df857f2a3684ace90c13580f3cf27d7,ab158f65153e4a43bea557b510ece71f,366a3782387869083a27b667096f7469f6cfacf82e94219a5c8e1ebc9da15cd5,4a636e880e11566092e1cbe7c9299714a97476998678dea7364c891fa9b74272,8c917bf6605ab234cea816f66cac4d5d1610fec42e7cca9ce49fab86dbe2522b,a2bfb6accad8f249d63d0802c899598919a9fe8f13962a1ccecfaad271398588
unsloth/Qwen3.5-9B-GGUF/Qwen3.5-9B-BF16.gguf,Qwen3.5-9B,BF16,llama-server,NVIDIA GB10,,580.126.09,CUDA,,130064,512,2,25.4,37.9,42.9,65.4,68.0,75.4,77.8,2,2,275.07,256.01,477.9,77.78,77.23,81.41,Linux,6.17.0-1008-nvidia,aarch64,20,119.6,Paul Lee,2026-03-23T09:45:04.639383+00:00,2026-03-23T11:45:53.190894+00:00,2,0.1.0,6f2c976815f34243a1b04d148a112a59,8df857f2a3684ace90c13580f3cf27d7,54886c089a384675b013720d20c890b2,366a3782387869083a27b667096f7469f6cfacf82e94219a5c8e1ebc9da15cd5,cde69e0cf582c84fefa1cfe9fd37e95438d6f09932f8aa1889b576c179990f26,9d64f61c91f5cf6b17dfcf6f1dbac028e336dd0c7895c57e66c30fe6bd756664,a2bfb6accad8f249d63d0802c899598919a9fe8f13962a1ccecfaad271398588
unsloth/Qwen3.5-9B-GGUF/Qwen3.5-9B-BF16.gguf,Qwen3.5-9B,BF16,llama-server,NVIDIA GB10,,580.126.09,CUDA,,130064,512,4,41.84,42.1,49.5,68.6,72.0,78.5,79.1,2,2,422.42,417.12,723.07,93.34,91.64,149.89,Linux,6.17.0-1008-nvidia,aarch64,20,119.6,Paul Lee,2026-03-23T09:49:00.482741+00:00,2026-03-23T11:45:53.190894+00:00,2,0.1.0,6f2c976815f34243a1b04d148a112a59,8df857f2a3684ace90c13580f3cf27d7,2647404883664d9fb00f88723255bf84,366a3782387869083a27b667096f7469f6cfacf82e94219a5c8e1ebc9da15cd5,bd1436c18abbe73d1fa1c6b928c64b0c9a57769aade0d1e0d631a7d2e173de0f,cdd18b5b28de974f006bd0ddf818cdb0660d663495265ce89bc5dc56f12b39ce,a2bfb6accad8f249d63d0802c899598919a9fe8f13962a1ccecfaad271398588
unsloth/Qwen3.5-9B-GGUF/Qwen3.5-9B-BF16.gguf,Qwen3.5-9B,BF16,llama-server,NVIDIA GB10,,580.126.09,CUDA,,130064,512,8,57.27,42.8,48.8,67.1,70.0,76.7,79.8,2,2,514.42,481.12,921.66,132.4,126.43,297.26,Linux,6.17.0-1008-nvidia,aarch64,20,119.6,Paul Lee,2026-03-23T09:54:55.996788+00:00,2026-03-23T11:45:53.190894+00:00,2,0.1.0,6f2c976815f34243a1b04d148a112a59,8df857f2a3684ace90c13580f3cf27d7,95998488799c46c3a74266d2fbc3b0a4,366a3782387869083a27b667096f7469f6cfacf82e94219a5c8e1ebc9da15cd5,3c9ca0562bf7b89d38f844efb529120a1ba7ff763c9a5b4924f13d99a6b0573b,9a8e1a1fea31c11a3ef0a2f94dc6c497c3c823ca045dda318cd405ddf8a7526a,a2bfb6accad8f249d63d0802c899598919a9fe8f13962a1ccecfaad271398588
unsloth/Qwen3.5-9B-GGUF/Qwen3.5-9B-BF16.gguf,Qwen3.5-9B,BF16,llama-server,NVIDIA GB10,,580.126.09,CUDA,,130064,512,16,62.5,43.9,52.6,67.2,71.0,76.9,81.1,2,2,718.3,690.46,1397.55,225.04,198.29,490.57,Linux,6.17.0-1008-nvidia,aarch64,20,119.6,Paul Lee,2026-03-23T10:04:54.780217+00:00,2026-03-23T11:45:53.190894+00:00,2,0.1.0,6f2c976815f34243a1b04d148a112a59,8df857f2a3684ace90c13580f3cf27d7,02aa630cf4c842818de65e6794e58f54,366a3782387869083a27b667096f7469f6cfacf82e94219a5c8e1ebc9da15cd5,05bb9f44dcde4a584ee1a185c02d7405006b6042aecce5a9232b5eef37715b11,9264b511d82a48c18b0943635305abe5dc669c3b1c57ecf2147fc894e1e3f961,a2bfb6accad8f249d63d0802c899598919a9fe8f13962a1ccecfaad271398588
unsloth/Qwen3.5-9B-GGUF/Qwen3.5-9B-BF16.gguf,Qwen3.5-9B,BF16,llama-server,NVIDIA GB10,,580.126.09,CUDA,,130064,512,32,81.27,45.8,61.5,67.6,71.0,75.1,83.3,2,2,1026.12,926.16,2072.66,371.01,348.63,824.85,Linux,6.17.0-1008-nvidia,aarch64,20,119.6,Paul Lee,2026-03-23T10:21:13.436798+00:00,2026-03-23T11:45:53.190894+00:00,2,0.1.0,6f2c976815f34243a1b04d148a112a59,8df857f2a3684ace90c13580f3cf27d7,555dd7674ab04afab1a395b47fbef0ff,366a3782387869083a27b667096f7469f6cfacf82e94219a5c8e1ebc9da15cd5,63ff7983822e8ccbe8d7fe041e9fa453bc43577917cdf77b087e57a8d9285fce,b1741943a5d97b931182e60cae1948c33bbe721d482d3e89afd8f99a5ec00662,a2bfb6accad8f249d63d0802c899598919a9fe8f13962a1ccecfaad271398588
unsloth/Qwen3.5-9B-GGUF/Qwen3.5-9B-BF16.gguf,Qwen3.5-9B,BF16,llama-server,NVIDIA GB10,,580.126.09,CUDA,,130064,1024,2,14.23,39.0,42.7,63.9,65.0,74.0,74.8,2,2,259.53,248.01,356.75,139.66,139.85,141.48,Linux,6.17.0-1008-nvidia,aarch64,20,119.6,Paul Lee,2026-03-23T10:26:57.416298+00:00,2026-03-23T11:45:53.190894+00:00,2,0.1.0,6f2c976815f34243a1b04d148a112a59,8df857f2a3684ace90c13580f3cf27d7,ea1c2c412a0149309843c31e9e1f033d,366a3782387869083a27b667096f7469f6cfacf82e94219a5c8e1ebc9da15cd5,d816be5f72f52b3c5c615a8f88790d7bf604a652b5ea94f47a6e3f619e98b3e3,be24b16d3ac18620eaffd819948e73a5843386c9a6a3fcb82f3ed9673646de10,a2bfb6accad8f249d63d0802c899598919a9fe8f13962a1ccecfaad271398588
unsloth/Qwen3.5-9B-GGUF/Qwen3.5-9B-BF16.gguf,Qwen3.5-9B,BF16,llama-server,NVIDIA GB10,,580.126.09,CUDA,,130064,1024,4,14.27,38.9,42.9,63.3,66.0,73.7,73.8,2,2,526.35,527.59,645.78,277.14,279.73,284.18,Linux,6.17.0-1008-nvidia,aarch64,20,119.6,Paul Lee,2026-03-23T10:38:19.720057+00:00,2026-03-23T11:45:53.190894+00:00,2,0.1.0,6f2c976815f34243a1b04d148a112a59,8df857f2a3684ace90c13580f3cf27d7,75c2f7e6b677420db463cc668387d93d,366a3782387869083a27b667096f7469f6cfacf82e94219a5c8e1ebc9da15cd5,99f36f8ae3722e9e363b4ce8571f48c478d3866591de709d420ab0eb9ee02758,6804a3a8b6d22afbb0a6dd889fd0862b5d5307a80f60417274c6743c999aa62c,a2bfb6accad8f249d63d0802c899598919a9fe8f13962a1ccecfaad271398588
unsloth/Qwen3.5-9B-GGUF/Qwen3.5-9B-BF16.gguf,Qwen3.5-9B,BF16,llama-server,NVIDIA GB10,,580.126.09,CUDA,,130064,1024,8,15.08,39.7,47.5,66.4,69.0,77.3,81.7,2,2,1020.53,1076.66,1269.77,523.58,558.19,599.04,Linux,6.17.0-1008-nvidia,aarch64,20,119.6,Paul Lee,2026-03-23T11:00:01.644735+00:00,2026-03-23T11:45:53.190894+00:00,2,0.1.0,6f2c976815f34243a1b04d148a112a59,8df857f2a3684ace90c13580f3cf27d7,2113d08126894dc98266a3451712601f,366a3782387869083a27b667096f7469f6cfacf82e94219a5c8e1ebc9da15cd5,b008647d3b1612a1c7ea12ff5611c5c054f10639c505e70b0babdcd0c462264d,1518453f5240a71c4de1ce823e6efcddd113ee509c8745bdeecfa276eab996cc,a2bfb6accad8f249d63d0802c899598919a9fe8f13962a1ccecfaad271398588
unsloth/Qwen3.5-9B-GGUF/Qwen3.5-9B-BF16.gguf,Qwen3.5-9B,BF16,llama-server,NVIDIA GB10,,580.126.09,CUDA,,130064,1024,16,21.68,39.7,55.8,65.8,70.0,76.1,80.6,2,2,1429.49,1455.89,2283.43,711.22,694.75,881.73,Linux,6.17.0-1008-nvidia,aarch64,20,119.6,Paul Lee,2026-03-23T11:29:45.819533+00:00,2026-03-23T11:45:53.190894+00:00,2,0.1.0,6f2c976815f34243a1b04d148a112a59,8df857f2a3684ace90c13580f3cf27d7,dbbe6c72ac354440bbcd071afe190406,366a3782387869083a27b667096f7469f6cfacf82e94219a5c8e1ebc9da15cd5,1f834ad5ed32297d266a394ee175ac9d21882ed6a1c2f9d55612551c2d111ff7,ec41d7e49cc062bae86f02187f525cbcc6beebc42005da003b9fdc09fad4c5d8,a2bfb6accad8f249d63d0802c899598919a9fe8f13962a1ccecfaad271398588
unsloth/Qwen3.5-9B-GGUF/Qwen3.5-9B-BF16.gguf,Qwen3.5-9B,BF16,llama-server,NVIDIA GB10,,580.126.09,CUDA,,130064,1024,32,81.79,46.3,58.9,68.1,71.0,75.9,80.9,2,2,1147.96,1003.51,2399.16,369.91,348.92,749.53,Linux,6.17.0-1008-nvidia,aarch64,20,119.6,Paul Lee,2026-03-23T11:45:43.811808+00:00,2026-03-23T11:45:53.190894+00:00,2,0.1.0,6f2c976815f34243a1b04d148a112a59,8df857f2a3684ace90c13580f3cf27d7,0a8e22037d9f43188ee182e92dd022b5,366a3782387869083a27b667096f7469f6cfacf82e94219a5c8e1ebc9da15cd5,251883396cbbe4902977dd712eeec86075fa3357574a486787d1b56b9f8a069a,61964306dddb7863fe838578eec684b6e92be8101ad24e201df787b1d2214db4,a2bfb6accad8f249d63d0802c899598919a9fe8f13962a1ccecfaad271398588
